Datetime,Water Level (m)
2025-04-13 00:00:00,-0.23430216
2025-04-13 01:00:00,-0.39699405
2025-04-13 02:00:00,-0.50734776
2025-04-13 03:00:00,-0.39345947
2025-04-13 04:00:00,-0.11997556
2025-04-13 05:00:00,0.08483137
2025-04-13 06:00:00,0.30376032
2025-04-13 07:00:00,0.53421587
2025-04-13 08:00:00,0.63220996
2025-04-13 09:00:00,0.4527007
2025-04-13 10:00:00,0.24505925
2025-04-13 11:00:00,0.067631155
2025-04-13 12:00:00,-0.1160649
2025-04-13 13:00:00,-0.28045627
2025-04-13 14:00:00,-0.40494198
2025-04-13 15:00:00,-0.35128507
2025-04-13 16:00:00,-0.08266765
2025-04-13 17:00:00,0.1051609
2025-04-13 18:00:00,0.29831937
2025-04-13 19:00:00,0.49580172
2025-04-13 20:00:00,0.5708591
2025-04-13 21:00:00,0.3694073
2025-04-13 22:00:00,0.17220336
2025-04-13 23:00:00,-0.011768811
2025-04-14 00:00:00,-0.1943308
2025-04-14 01:00:00,-0.36330536
2025-04-14 02:00:00,-0.50326866
2025-04-14 03:00:00,-0.50378793
2025-04-14 04:00:00,-0.23233388
2025-04-14 05:00:00,-0.005490422
2025-04-14 06:00:00,0.2224566
2025-04-14 07:00:00,0.46687698
2025-04-14 08:00:00,0.64915806
2025-04-14 09:00:00,0.5946328
2025-04-14 10:00:00,0.35148317
2025-04-14 11:00:00,0.17078717
2025-04-14 12:00:00,-0.020939492
2025-04-14 13:00:00,-0.19734676
2025-04-14 14:00:00,-0.34280315
2025-04-14 15:00:00,-0.4037778
2025-04-14 16:00:00,-0.21193948
2025-04-14 17:00:00,0.019397838
2025-04-14 18:00:00,0.20720288
2025-04-14 19:00:00,0.379759
2025-04-14 20:00:00,0.5236796
2025-04-14 21:00:00,0.4158573
2025-04-14 22:00:00,0.21021822
2025-04-14 23:00:00,0.040261336
2025-04-15 00:00:00,-0.13982327
2025-04-15 01:00:00,-0.31002358
2025-04-15 02:00:00,-0.45953688
2025-04-15 03:00:00,-0.5435321
2025-04-15 04:00:00,-0.3712568
2025-04-15 05:00:00,-0.102633506
2025-04-15 06:00:00,0.11298559
2025-04-15 07:00:00,0.338057
2025-04-15 08:00:00,0.5799485
2025-04-15 09:00:00,0.6570569
2025-04-15 10:00:00,0.46954194
2025-04-15 11:00:00,0.25956336
2025-04-15 12:00:00,0.07645068
2025-04-15 13:00:00,-0.10132953
2025-04-15 14:00:00,-0.2595301
2025-04-15 15:00:00,-0.3803008
2025-04-15 16:00:00,-0.32429087
2025-04-15 17:00:00,-0.07119934
2025-04-15 18:00:00,0.105556384
2025-04-15 19:00:00,0.28991446
2025-04-15 20:00:00,0.42763597
2025-04-15 21:00:00,0.46215165
2025-04-15 22:00:00,0.25962752
2025-04-15 23:00:00,0.09782065
2025-04-16 00:00:00,-0.07423363
2025-04-16 01:00:00,-0.2433891
2025-04-16 02:00:00,-0.40339103
2025-04-16 03:00:00,-0.5170803
2025-04-16 04:00:00,-0.46924296
2025-04-16 05:00:00,-0.20021756
2025-04-16 06:00:00,0.008625435
2025-04-16 07:00:00,0.23534958
2025-04-16 08:00:00,0.46848443
2025-04-16 09:00:00,0.6448131
2025-04-16 10:00:00,0.5782779
2025-04-16 11:00:00,0.34205326
2025-04-16 12:00:00,0.16596532
2025-04-16 13:00:00,-0.012609155
2025-04-16 14:00:00,-0.18056406
2025-04-16 15:00:00,-0.31591436
2025-04-16 16:00:00,-0.3532256
2025-04-16 17:00:00,-0.15110707
2025-04-16 18:00:00,0.041742627
2025-04-16 19:00:00,0.21412794
2025-04-16 20:00:00,0.3654596
2025-04-16 21:00:00,0.42118782
2025-04-16 22:00:00,0.31917208
2025-04-16 23:00:00,0.14748172
2025-04-17 00:00:00,-0.0033546493
2025-04-17 01:00:00,-0.1681279
2025-04-17 02:00:00,-0.31947654
2025-04-17 03:00:00,-0.4441957
2025-04-17 04:00:00,-0.48875692
2025-04-17 05:00:00,-0.27480358
2025-04-17 06:00:00,-0.053970043
2025-04-17 07:00:00,0.155352
2025-04-17 08:00:00,0.36335188
2025-04-17 09:00:00,0.5847955
2025-04-17 10:00:00,0.65601736
2025-04-17 11:00:00,0.47516915
2025-04-17 12:00:00,0.27947295
2025-04-17 13:00:00,0.11201857
2025-04-17 14:00:00,-0.0515565
2025-04-17 15:00:00,-0.20384912
2025-04-17 16:00:00,-0.29414004
2025-04-17 17:00:00,-0.22577558
2025-04-17 18:00:00,-0.018820794
2025-04-17 19:00:00,0.12924188
2025-04-17 20:00:00,0.28646868
2025-04-17 21:00:00,0.38644916
2025-04-17 22:00:00,0.36149985
2025-04-17 23:00:00,0.20869985
2025-04-18 00:00:00,0.066803075
2025-04-18 01:00:00,-0.087425366
2025-04-18 02:00:00,-0.23661079
2025-04-18 03:00:00,-0.36584115
2025-04-18 04:00:00,-0.4388249
2025-04-18 05:00:00,-0.3431142
2025-04-18 06:00:00,-0.10938541
2025-04-18 07:00:00,0.07351707
2025-04-18 08:00:00,0.278538
2025-04-18 09:00:00,0.47742394
2025-04-18 10:00:00,0.6488228
2025-04-18 11:00:00,0.59561783
2025-04-18 12:00:00,0.3974285
2025-04-18 13:00:00,0.23437832
2025-04-18 14:00:00,0.07389748
2025-04-18 15:00:00,-0.06953016
2025-04-18 16:00:00,-0.18875696
2025-04-18 17:00:00,-0.20358942
2025-04-18 18:00:00,-0.06031743
2025-04-18 19:00:00,0.07479552
2025-04-18 20:00:00,0.19592854
2025-04-18 21:00:00,0.32335356
2025-04-18 22:00:00,0.37630555
2025-04-18 23:00:00,0.2896434
2025-04-19 00:00:00,0.14223416
